Date,Dividend,Currency,FetchDate
2019-11-11,0.5,NOK,2026-09-30
2019-12-06,0.7687272,NOK,2026-09-30
2020-01-14,0.3843636,NOK,2026-09-30
2020-02-13,0.28827268,NOK,2026-09-30
2020-08-17,0.0960909,NOK,2026-09-30
2020-09-11,0.28827268,NOK,2026-09-30
2020-10-12,0.57654536,NOK,2026-09-30
2020-11-16,0.6726363,NOK,2026-09-30
2020-12-17,0.3843636,NOK,2026-09-30
2021-01-21,0.57654536,NOK,2026-09-30
2021-02-19,1.2491816,NOK,2026-09-30
2021-03-23,0.28827268,NOK,2026-09-30
2021-04-21,0.960909,NOK,2026-09-30
2021-05-20,2.0179088,NOK,2026-09-30
2021-06-17,2.8827271,NOK,2026-09-30
2021-07-19,2.3061814,NOK,2026-09-30
2021-08-20,2.4983633,NOK,2026-09-30
2021-09-17,3.0749087,NOK,2026-09-30
2021-10-19,3.747545,NOK,2026-09-30
2021-11-19,4.708454,NOK,2026-09-30
2021-12-16,3.3631814,NOK,2026-09-30
2022-01-20,3.4592724,NOK,2026-09-30
2022-02-17,0.57654536,NOK,2026-09-30
2022-03-18,0.7687272,NOK,2026-09-30
2022-04-20,1.1530907,NOK,2026-09-30
2022-05-19,0.7687272,NOK,2026-09-30
2022-06-21,2.4983633,NOK,2026-09-30
2022-07-21,1.7296362,NOK,2026-09-30
2022-08-19,1.7296362,NOK,2026-09-30
2022-09-20,0.57654536,NOK,2026-09-30
2022-10-20,0.57654536,NOK,2026-09-30
2022-11-21,0.960909,NOK,2026-09-30
2022-12-20,0.7687272,NOK,2026-09-30
2023-01-20,0.8648181,NOK,2026-09-30
2023-02-20,0.0960909,NOK,2026-09-30
2023-03-21,0.0960909,NOK,2026-09-30
2023-04-20,0.1921818,NOK,2026-09-30
2023-05-23,0.6726363,NOK,2026-09-30
2023-06-22,0.7687272,NOK,2026-09-30
2023-07-21,0.3843636,NOK,2026-09-30
2023-08-22,0.3843636,NOK,2026-09-30
2023-09-20,0.28827268,NOK,2026-09-30
2023-10-24,0.4804545,NOK,2026-09-30
2023-11-21,1.921818,NOK,2026-09-30
2023-12-21,1.7296362,NOK,2026-09-30
2024-01-23,2.0179088,NOK,2026-09-30
2024-02-21,0.960909,NOK,2026-09-30
2024-03-19,0.960909,NOK,2026-09-30
2024-04-16,17.20027,NOK,2026-09-30
2024-05-15,1.3452725,NOK,2026-09-30
2024-06-18,1.7296362,NOK,2026-09-30
2024-07-16,1.921818,NOK,2026-09-30
2024-08-20,1.921818,NOK,2026-09-30
2024-09-17,1.6335453,NOK,2026-09-30
2024-10-17,1.921818,NOK,2026-09-30
2024-11-19,1.4413636,NOK,2026-09-30
2024-12-12,1.3452725,NOK,2026-09-30
2025-01-16,0.4804545,NOK,2026-09-30
2025-02-18,0.28827268,NOK,2026-09-30
2025-03-20,0.0960909,NOK,2026-09-30
2025-04-15,0.57654536,NOK,2026-09-30
2025-05-15,0.960909,NOK,2026-09-30
2025-06-17,1.0569999,NOK,2026-09-30
2025-07-15,1.5374544,NOK,2026-09-30
2025-08-21,1.4413636,NOK,2026-09-30
2025-09-16,1.921818,NOK,2026-09-30
2025-10-16,1.8257271,NOK,2026-09-30
2025-11-20,1.8257271,NOK,2026-09-30
2025-12-18,2.0179088,NOK,2026-09-30
2026-01-15,2.2100906,NOK,2026-09-30
2026-02-18,1.4413636,NOK,2026-09-30
2026-03-17,0.960909,NOK,2026-09-30
2026-04-29,132.60544,NOK,2026-09-30
