Date,Open,High,Low,Close
1969-12-01,610.0,610.0,610.0,610.0
1985-01-01,1000.0,1000.0,970.5,971.5
1985-02-01,973.5,986.5,965.5,984.0
1985-03-01,984.0,1016.5,979.5,1016.5
1985-04-01,1018.5,1064.5,1018.5,1063.0
1985-05-01,1062.0,1062.0,931.5,931.5
1985-06-03,931.0,931.5,872.5,872.5
1985-07-01,864.5,864.5,725.5,725.5
1985-08-01,718.5,741.5,711.5,738.0
1985-09-02,738.5,893.5,735.0,893.5
1985-10-01,905.5,906.0,868.5,905.0
1985-11-01,906.5,915.0,890.5,915.0
1985-12-02,916.0,921.5,893.5,898.0
1986-01-01,897.5,919.5,831.0,831.0
1986-02-03,827.5,827.5,737.0,737.0
1986-03-03,734.0,748.0,733.0,733.5
1986-04-01,732.5,732.5,659.0,659.0
1986-05-01,658.0,669.0,644.5,665.0
1986-06-02,665.0,665.0,585.5,585.5
1986-07-01,585.5,585.5,553.5,553.5
1986-08-01,556.0,664.0,554.0,664.0
1986-09-01,672.0,800.0,672.0,799.5
1986-10-01,794.5,795.5,784.0,786.5
1986-11-03,784.0,787.0,737.5,737.5
1986-12-01,736.0,736.0,693.5,699.0
1987-01-01,703.0,866.5,703.0,866.5
1987-02-02,861.5,861.5,848.0,852.5
1987-03-02,856.5,991.5,856.5,991.5
1987-04-01,998.0,1033.0,998.0,1019.5
1987-05-01,1025.0,1102.0,1025.0,1070.5
1987-06-01,1069.5,1069.5,879.5,879.5
1987-07-01,874.0,976.5,874.0,976.5
1987-08-03,982.5,1129.0,982.5,1111.0
1987-09-01,1105.0,1105.0,1026.0,1045.0
1987-10-01,1052.0,1171.5,1052.0,1171.5
1987-11-02,1172.5,1175.5,1152.0,1175.5
1987-12-01,1183.5,1271.0,1183.5,1263.5
1988-01-01,1270.0,1402.5,1270.0,1393.0
1988-02-01,1399.5,1568.5,1399.5,1563.5
1988-03-01,1562.5,1648.5,1562.0,1617.0
1988-04-01,1612.0,1612.0,1358.0,1358.0
1988-05-02,1345.0,1455.5,1339.0,1349.0
1988-06-01,1328.5,1328.5,1208.5,1208.5
1988-07-01,1206.0,1210.0,1171.0,1197.0
1988-08-01,1196.0,1272.0,1190.0,1272.0
1988-09-01,1272.0,1289.0,1266.0,1270.0
1988-10-03,1275.0,1373.0,1275.0,1373.0
1988-11-01,1378.0,1517.0,1378.0,1501.0
1988-12-01,1501.0,1543.0,1485.0,1543.0
1989-01-02,1544.0,1650.0,1544.0,1619.0
1989-02-01,1608.0,1608.0,1495.0,1553.0
1989-03-01,1563.0,1647.0,1563.0,1631.0
1989-04-03,1619.0,1629.0,1614.0,1629.0
1989-05-01,1641.0,1751.0,1596.0,1596.0
1989-06-01,1587.0,1587.0,1390.0,1413.0
1989-07-03,1414.0,1414.0,1376.0,1393.0
1989-08-01,1392.0,1427.0,1379.0,1426.0
1989-09-01,1426.0,1441.0,1413.0,1420.0
1989-10-02,1424.0,1647.0,1424.0,1647.0
1989-11-01,1647.0,1688.0,1647.0,1653.0
1989-12-01,1640.0,1640.0,1584.0,1592.0
1990-01-01,1599.0,1669.0,1599.0,1644.0
1990-02-01,1642.0,1642.0,1576.0,1604.0
1990-03-01,1603.0,1629.0,1529.0,1529.0
1990-04-02,1528.0,1528.0,1361.0,1361.0
1990-05-01,1355.0,1355.0,1299.0,1299.0
1990-06-01,1301.0,1305.0,1089.0,1089.0
1990-07-02,1082.0,1165.0,1056.0,1165.0
1990-08-01,1175.0,1237.0,1175.0,1208.0
1990-09-03,1203.0,1203.0,1168.0,1168.0
1990-10-01,1167.0,1330.0,1155.0,1309.0
1990-11-01,1311.0,1348.0,1280.0,1348.0
1990-12-03,1365.0,1456.0,1365.0,1446.0
1991-01-01,1447.0,1473.0,1432.0,1473.0
1991-02-01,1482.0,1704.0,1482.0,1704.0
1991-03-01,1707.0,1780.0,1609.0,1609.0
1991-04-01,1599.0,1632.0,1579.0,1626.0
1991-05-01,1624.0,1757.0,1612.0,1757.0
1991-06-03,1758.0,1758.0,1678.0,1703.0
1991-07-01,1699.0,1699.0,1466.0,1466.0
1991-08-01,1460.0,1545.0,1436.0,1545.0
1991-09-02,1548.0,1553.0,1522.0,1524.0
1991-10-01,1528.0,1655.0,1528.0,1655.0
1991-11-01,1654.0,1659.0,1589.0,1589.0
1991-12-02,1581.0,1581.0,1492.0,1494.0
1992-01-01,1491.0,1534.0,1430.0,1430.0
1992-02-03,1421.0,1421.0,1222.0,1222.0
1992-03-02,1223.0,1232.0,1180.0,1180.0
1992-04-01,1179.0,1216.0,1143.0,1216.0
1992-05-01,1219.0,1288.0,1219.0,1267.0
1992-06-01,1261.0,1261.0,1091.0,1091.0
1992-07-01,1079.0,1094.0,1047.0,1060.0
1992-08-03,1055.0,1081.0,1052.0,1073.0
1992-09-01,1069.0,1069.0,1041.0,1041.0
1992-10-01,1034.0,1111.0,1033.0,1111.0
1992-11-02,1113.0,1320.0,1113.0,1320.0
1992-12-01,1322.0,1378.0,1322.0,1373.0
1993-01-01,1368.0,1368.0,1264.0,1278.0
1993-02-01,1277.0,1375.0,1274.0,1373.0
1993-03-01,1370.0,1503.0,1369.0,1503.0
1993-04-01,1499.0,1554.0,1473.0,1554.0
1993-05-03,1557.0,1642.0,1557.0,1623.0
1993-06-01,1623.0,1623.0,1473.0,1473.0
1993-07-01,1458.0,1458.0,1339.0,1339.0
1993-08-02,1337.0,1457.0,1330.0,1434.0
1993-09-01,1422.0,1457.0,1406.0,1415.0
1993-10-01,1416.0,1416.0,1317.0,1317.0
1993-11-01,1316.0,1322.0,1253.0,1253.0
1993-12-01,1249.0,1253.0,1215.0,1215.0
1994-01-03,1215.0,1244.0,1200.0,1200.0
1994-02-01,1196.0,1457.0,1117.0,1117.0
1994-03-01,1115.0,1207.0,1110.0,1206.0
1994-04-01,1208.0,1414.0,1208.0,1414.0
1994-05-02,1420.0,1505.0,1420.0,1455.0
1994-06-01,1437.0,1437.0,1311.0,1334.0
1994-07-01,1338.0,1440.0,1338.0,1440.0
1994-08-01,1443.0,1510.0,1436.0,1436.0
1994-09-01,1435.0,1656.0,1435.0,1656.0
1994-10-03,1669.0,1874.0,1669.0,1870.0
1994-11-01,1863.0,1932.0,1830.0,1932.0
1994-12-01,1940.0,2043.0,1940.0,1965.0
1995-01-02,1964.0,2071.0,1961.0,1973.0
1995-02-01,1966.0,2038.0,1957.0,2038.0
1995-03-01,2044.0,2295.0,2044.0,2209.0
1995-04-03,2197.0,2347.0,2196.0,2347.0
1995-05-01,2352.0,2352.0,2096.0,2096.0
1995-06-01,2081.0,2081.0,1979.0,1979.0
1995-07-03,1965.0,2025.0,1937.0,2025.0
1995-08-01,2030.0,2122.0,2030.0,2102.0
1995-09-01,2096.0,2096.0,1920.0,1920.0
1995-10-02,1897.0,1897.0,1547.0,1547.0
1995-11-01,1539.0,1753.0,1538.0,1644.0
1995-12-01,1634.0,1644.0,1604.0,1604.0
1996-01-01,1598.0,1598.0,1503.0,1503.0
1996-02-01,1494.0,1494.0,1364.0,1364.0
1996-03-01,1357.0,1448.0,1347.0,1448.0
1996-04-01,1449.0,1465.0,1447.0,1458.0
1996-05-01,1456.0,1458.0,1339.0,1339.0
1996-06-03,1337.0,1338.0,1193.0,1193.0
1996-07-01,1182.0,1182.0,1066.0,1066.0
1996-08-01,1062.0,1119.0,1060.0,1100.0
1996-09-02,1091.0,1091.0,992.0,1000.0
1996-10-01,1003.0,1311.0,1003.0,1311.0
1996-11-01,1323.0,1522.0,1323.0,1423.0
1996-12-02,1427.0,1523.0,1427.0,1516.0
1997-01-01,1513.0,1513.0,1361.0,1367.0
1997-02-03,1374.0,1468.0,1374.0,1443.0
1997-03-03,1430.0,1526.0,1414.0,1513.0
1997-04-01,1506.0,1506.0,1259.0,1259.0
1997-05-01,1258.0,1291.0,1258.0,1274.0
1997-06-02,1267.0,1320.0,1245.0,1320.0
1997-07-01,1325.0,1372.0,1280.0,1280.0
1997-08-01,1279.0,1330.0,1279.0,1330.0
1997-09-01,1332.0,1334.0,1276.0,1277.0
1997-10-01,1281.0,1361.0,1281.0,1318.0
1997-11-03,1314.0,1314.0,1168.0,1175.0
1997-12-01,1176.0,1289.0,1176.0,1231.0
1998-01-01,1232.0,1232.0,1039.0,1039.0
1998-02-02,1026.0,1080.0,932.0,1080.0
1998-03-02,1088.0,1105.0,966.0,966.0
1998-04-01,960.0,1011.0,952.0,1004.0
1998-05-01,1001.0,1004.0,946.0,946.0
1998-06-01,941.0,941.0,856.0,856.0
1998-07-01,849.0,850.0,825.0,825.0
1998-08-03,822.0,822.0,780.0,817.0
1998-09-01,817.0,946.0,817.0,946.0
1998-10-01,959.0,1008.0,954.0,955.0
1998-11-02,958.0,966.0,941.0,941.0
1998-12-01,935.0,935.0,791.0,791.0
1999-01-01,784.0,848.0,776.0,827.0
1999-02-01,816.0,964.0,794.0,964.0
1999-03-01,978.0,1001.0,902.0,902.0
1999-04-01,891.0,1091.0,854.0,1091.0
1999-05-03,1095.0,1125.0,982.0,982.0
1999-06-01,975.0,1027.0,955.0,970.0
1999-07-01,960.0,1003.0,947.0,1003.0
1999-08-02,1013.0,1066.0,1013.0,1038.0
1999-09-01,1039.0,1243.0,1038.0,1243.0
1999-10-01,1257.0,1406.0,1257.0,1351.0
1999-11-01,1334.0,1356.0,1296.0,1351.0
1999-12-01,1344.0,1360.0,1319.0,1319.0
2000-01-03,1320.0,1406.0,1319.0,1319.0
2000-02-01,1311.0,1531.0,1276.0,1531.0
2000-03-01,1547.0,1660.0,1547.0,1660.0
2000-04-03,1669.0,1686.0,1628.0,1628.0
2000-05-01,1622.0,1622.0,1566.0,1566.0
2000-06-01,1562.0,1626.0,1559.0,1616.0
2000-07-03,1613.0,1642.0,1600.0,1642.0
2000-08-01,1645.0,1652.0,1627.0,1652.0
2000-09-01,1661.0,1740.0,1661.0,1739.0
2000-10-02,1735.0,1759.0,1718.0,1759.0
2000-11-01,1759.0,1762.0,1672.0,1672.0
2000-12-01,1664.0,1664.0,1581.0,1599.0
2001-01-01,1599.0,1599.0,1504.0,1504.0
2001-02-01,1493.0,1537.0,1445.0,1537.0
2001-03-01,1538.0,1538.0,1438.0,1438.0
2001-04-02,1430.0,1463.0,1423.0,1459.0
2001-05-01,1453.0,1481.0,1389.0,1389.0
2001-06-01,1382.0,1394.0,1355.0,1386.0
2001-07-02,1380.0,1380.0,1049.0,1049.0
2001-08-01,1037.0,1037.0,927.0,927.0
2001-09-03,918.0,995.0,898.0,952.0
2001-10-01,939.0,939.0,861.0,861.0
2001-11-01,853.0,868.0,843.0,868.0
2001-12-03,868.0,876.0,865.0,876.0
2002-01-01,882.0,969.0,882.0,908.0
2002-02-01,908.0,1031.0,908.0,1031.0
2002-03-01,1033.0,1086.0,1033.0,1082.0
2002-04-01,1081.0,1104.0,1027.0,1027.0
2002-05-01,1020.0,1046.0,1016.0,1042.0
2002-06-03,1027.0,1027.0,978.0,1005.0
2002-07-01,1005.0,1007.0,962.0,968.0
2002-08-01,970.0,1036.0,970.0,1036.0
2002-09-02,1039.0,1367.0,1039.0,1367.0
2002-10-01,1371.0,1417.0,1334.0,1417.0
2002-11-01,1428.0,1560.0,1428.0,1560.0
2002-12-02,1573.0,1739.0,1573.0,1738.0
2003-01-01,1738.0,1761.0,1530.0,1530.0
2003-02-03,1530.0,1768.0,1530.0,1764.0
2003-03-03,1762.0,1940.0,1748.0,1939.0
2003-04-01,1943.0,2142.0,1943.0,2142.0
2003-05-01,2145.0,2337.0,2127.0,2127.0
2003-06-02,2116.0,2154.0,2116.0,2125.0
2003-07-01,2123.0,2240.0,2123.0,2181.0
2003-08-01,2176.0,2343.0,2176.0,2265.0
2003-09-01,2262.0,2993.0,2262.0,2993.0
2003-10-01,3138.0,4560.0,3138.0,4555.0
2003-11-03,4558.0,4558.0,4026.0,4417.0
2003-12-01,4442.0,4765.0,4442.0,4765.0
2004-01-01,4761.0,5551.0,4757.0,5551.0
2004-02-02,5618.0,5681.0,5242.0,5263.0
2004-03-01,5205.0,5384.0,4822.0,4822.0
2004-04-01,4763.0,4763.0,3982.0,3982.0
2004-05-03,3933.0,3933.0,3286.0,3286.0
2004-06-01,3282.0,3282.0,2622.0,3005.0
2004-07-01,3115.0,4086.0,3115.0,4048.0
2004-08-02,4100.0,4233.0,4088.0,4186.0
2004-09-01,4134.0,4233.0,4014.0,4105.0
2004-10-01,4112.0,4922.0,4112.0,4922.0
2004-11-01,4928.0,6051.0,4928.0,6051.0
2004-12-01,6092.0,6208.0,4598.0,4598.0
2005-01-03,4456.0,4776.0,4292.0,4488.0
2005-02-01,4470.0,4880.0,4175.0,4726.0
2005-03-01,4663.0,4791.0,4575.0,4637.0
2005-04-01,4627.0,4835.0,3850.0,3850.0
2005-05-02,3815.0,4024.0,3219.0,3219.0
2005-06-01,3180.0,3180.0,2510.0,2521.0
2005-07-01,2486.0,2486.0,1804.0,1804.0
2005-08-01,1769.0,2634.0,1747.0,2592.0
2005-09-01,2548.0,3073.0,2418.0,2907.0
2005-10-03,2944.0,3370.0,2944.0,3113.0
2005-11-01,3081.0,3081.0,2739.0,2770.0
2005-12-01,2772.0,2772.0,2407.0,2407.0
2006-01-02,2438.0,2497.0,2033.0,2081.0
2006-02-01,2087.0,2798.0,2087.0,2680.0
2006-03-01,2708.0,2708.0,2493.0,2496.0
2006-04-03,2508.0,2516.0,2368.0,2368.0
2006-05-01,2364.0,2502.0,2364.0,2436.0
2006-06-01,2478.0,2964.0,2478.0,2964.0
2006-07-03,2983.0,3285.0,2849.0,3285.0
2006-08-01,3337.0,3847.0,3337.0,3847.0
2006-09-01,3875.0,4279.0,3875.0,3944.0
2006-10-02,3956.0,4182.0,3931.0,4037.0
2006-11-01,4100.0,4336.0,4100.0,4336.0
2006-12-01,4369.0,4407.0,4270.0,4397.0
2007-01-01,4421.0,4647.0,4225.0,4225.0
2007-02-01,4219.0,4765.0,4219.0,4765.0
2007-03-01,4818.0,5388.0,4818.0,5388.0
2007-04-02,5417.0,6248.0,5417.0,6248.0
2007-05-01,6255.0,6688.0,5971.0,5971.0
2007-06-01,5983.0,6278.0,5254.0,6278.0
2007-07-02,6304.0,6967.0,6201.0,6967.0
2007-08-01,6993.0,7702.0,6917.0,7702.0
2007-09-03,7783.0,9474.0,7783.0,9474.0
2007-10-01,9537.0,11033.0,9513.0,10656.0
2007-11-01,10581.0,11039.0,9897.0,10210.0
2007-12-03,10270.0,10285.0,9143.0,9143.0
2008-01-01,8891.0,8891.0,5615.0,6052.0
2008-02-01,6134.0,7613.0,6002.0,7613.0
2008-03-03,7878.0,8624.0,7619.0,8081.0
2008-04-01,7890.0,9356.0,7655.0,9356.0
2008-05-01,9439.0,11793.0,9439.0,11440.0
2008-06-02,11458.0,11689.0,9139.0,9589.0
2008-07-01,9379.0,9379.0,8341.0,8341.0
2008-08-01,8280.0,8280.0,6809.0,6809.0
2008-09-01,6691.0,6691.0,3217.0,3217.0
2008-10-01,3025.0,3025.0,851.0,851.0
2008-11-03,827.0,865.0,715.0,715.0
2008-12-01,700.0,836.0,663.0,774.0
2009-01-01,773.0,1070.0,772.0,1070.0
2009-02-02,1099.0,2099.0,1099.0,1986.0
2009-03-02,2014.0,2298.0,1615.0,1615.0
2009-04-01,1574.0,1897.0,1463.0,1786.0
2009-05-01,1806.0,3494.0,1806.0,3494.0
2009-06-01,3681.0,4291.0,3452.0,3757.0
2009-07-01,3742.0,3742.0,2975.0,3350.0
2009-08-03,3251.0,3251.0,2388.0,2421.0
2009-09-01,2423.0,2492.0,2163.0,2220.0
2009-10-01,2284.0,3103.0,2284.0,3103.0
2009-11-02,3185.0,4661.0,3185.0,3887.0
2009-12-01,3836.0,4107.0,3005.0,3005.0
2010-01-01,3140.0,3299.0,2848.0,2848.0
2010-02-01,2745.0,2745.0,2566.0,2738.0
2010-03-01,2760.0,3574.0,2760.0,2998.0
2010-04-01,2991.0,3359.0,2911.0,3354.0
2010-05-03,3352.0,4209.0,3352.0,4078.0
2010-06-01,4074.0,4074.0,2406.0,2406.0
2010-07-01,2351.0,2351.0,1700.0,1967.0
2010-08-02,1977.0,2861.0,1957.0,2713.0
2010-09-01,2741.0,2995.0,2444.0,2446.0
2010-10-01,2452.0,2784.0,2452.0,2678.0
2010-11-01,2648.0,2648.0,2099.0,2099.0
2010-12-01,2096.0,2179.0,1773.0,1773.0
2011-01-03,1693.0,1693.0,1107.0,1107.0
2011-02-01,1084.0,1301.0,1043.0,1251.0
2011-03-01,1262.0,1585.0,1262.0,1530.0
2011-04-01,1520.0,1520.0,1250.0,1269.0
2011-05-02,1292.0,1480.0,1271.0,1480.0
2011-06-01,1485.0,1489.0,1400.0,1413.0
2011-07-01,1422.0,1453.0,1264.0,1264.0
2011-08-01,1256.0,1619.0,1253.0,1619.0
2011-09-01,1682.0,1928.0,1682.0,1899.0
2011-10-03,1886.0,2173.0,1885.0,1965.0
2011-11-01,1912.0,1912.0,1759.0,1846.0
2011-12-01,1862.0,1930.0,1738.0,1738.0
2012-01-02,1624.0,1624.0,680.0,680.0
2012-02-01,662.0,750.0,647.0,750.0
2012-03-01,763.0,934.0,763.0,934.0
2012-04-02,934.0,1156.0,926.0,1155.0
2012-05-01,1152.0,1165.0,923.0,923.0
2012-06-01,904.0,1004.0,872.0,1004.0
2012-07-02,1013.0,1162.0,897.0,897.0
2012-08-01,878.0,878.0,703.0,703.0
2012-09-03,698.0,774.0,661.0,766.0
2012-10-01,777.0,1109.0,777.0,1026.0
2012-11-01,1000.0,1104.0,916.0,1086.0
2012-12-03,1077.0,1077.0,699.0,699.0
2013-01-01,698.0,838.0,698.0,760.0
2013-02-01,750.0,757.0,735.0,757.0
2013-03-01,776.0,935.0,776.0,910.0
2013-04-01,896.0,896.0,856.0,863.0
2013-05-01,862.0,892.0,809.0,809.0
2013-06-03,806.0,1171.0,801.0,1171.0
2013-07-01,1179.0,1179.0,1062.0,1062.0
2013-08-01,1066.0,1169.0,996.0,1132.0
2013-09-02,1139.0,2127.0,1139.0,2003.0
2013-10-01,1994.0,2146.0,1484.0,1504.0
2013-11-01,1525.0,1821.0,1483.0,1821.0
2013-12-02,1865.0,2337.0,1865.0,2277.0
2014-01-01,2113.0,2113.0,1110.0,1110.0
2014-02-03,1093.0,1258.0,1084.0,1258.0
2014-03-03,1276.0,1621.0,1276.0,1362.0
2014-04-01,1316.0,1316.0,930.0,943.0
2014-05-01,943.0,1027.0,934.0,934.0
2014-06-02,934.0,1004.0,824.0,850.0
2014-07-01,894.0,894.0,723.0,755.0
2014-08-01,751.0,1147.0,751.0,1147.0
2014-09-01,1151.0,1197.0,1038.0,1063.0
2014-10-01,1055.0,1428.0,930.0,1428.0
2014-11-03,1456.0,1484.0,1153.0,1153.0
2014-12-01,1137.0,1137.0,782.0,782.0
2015-01-01,771.0,771.0,608.0,608.0
2015-02-02,590.0,590.0,509.0,540.0
2015-03-02,548.0,602.0,548.0,602.0
2015-04-01,596.0,601.0,578.0,591.0
2015-05-01,587.0,637.0,573.0,589.0
2015-06-01,589.0,829.0,589.0,800.0
2015-07-01,794.0,1131.0,794.0,1131.0
2015-08-03,1151.0,1222.0,903.0,903.0
2015-09-01,911.0,978.0,802.0,900.0
2015-10-01,888.0,889.0,721.0,721.0
2015-11-02,706.0,706.0,498.0,584.0
2015-12-01,598.0,598.0,471.0,478.0
2016-01-01,473.0,473.0,317.0,317.0
2016-02-01,314.0,329.0,290.0,329.0
2016-03-01,332.0,429.0,332.0,429.0
2016-04-01,450.0,715.0,450.0,703.0
2016-05-02,682.0,682.0,579.0,612.0
2016-06-01,612.0,660.0,580.0,660.0
2016-07-01,677.0,748.0,656.0,656.0
2016-08-01,650.0,720.0,631.0,711.0
2016-09-01,712.0,941.0,712.0,875.0
2016-10-03,864.0,922.0,798.0,857.0
2016-11-01,838.0,1257.0,834.0,1204.0
2016-12-01,1196.0,1198.0,914.0,961.0
2017-01-02,953.0,983.0,800.0,800.0
2017-02-01,786.0,878.0,685.0,859.0
2017-03-01,871.0,1338.0,871.0,1297.0
2017-04-03,1282.0,1296.0,1109.0,1109.0
2017-05-01,1073.0,1073.0,878.0,878.0
2017-06-01,850.0,929.0,818.0,901.0
2017-07-03,882.0,980.0,820.0,946.0
2017-08-01,965.0,1266.0,965.0,1184.0
2017-09-01,1183.0,1503.0,1183.0,1356.0
2017-10-02,1328.0,1588.0,1308.0,1522.0
2017-11-01,1496.0,1578.0,1361.0,1578.0
2017-12-01,1626.0,1743.0,1366.0,1366.0
2018-01-01,1230.0,1395.0,1125.0,1152.0
2018-02-01,1114.0,1192.0,1082.0,1192.0
2018-03-01,1196.0,1212.0,1055.0,1055.0
2018-04-02,1016.0,1376.0,948.0,1341.0
2018-05-01,1327.0,1476.0,1042.0,1090.0
2018-06-01,1156.0,1445.0,1156.0,1385.0
2018-07-02,1422.0,1774.0,1422.0,1747.0
2018-08-01,1760.0,1773.0,1579.0,1579.0
2018-09-03,1557.0,1557.0,1356.0,1540.0
2018-10-01,1555.0,1584.0,1490.0,1490.0
2018-11-01,1470.0,1470.0,1003.0,1231.0
2018-12-03,1203.0,1406.0,1203.0,1271.0
2019-01-01,1282.0,1282.0,668.0,668.0
2019-02-01,645.0,658.0,595.0,658.0
2019-03-01,664.0,730.0,645.0,689.0
2019-04-01,685.0,1011.0,672.0,1011.0
2019-05-01,1031.0,1107.0,936.0,1096.0
2019-06-03,1103.0,1354.0,1062.0,1354.0
2019-07-01,1381.0,2191.0,1381.0,1868.0
2019-08-01,1812.0,2378.0,1712.0,2378.0
2019-09-02,2442.0,2518.0,1823.0,1823.0
2019-10-01,1809.0,1929.0,1731.0,1731.0
2019-11-01,1697.0,1697.0,1255.0,1528.0
2019-12-02,1568.0,1606.0,1090.0,1090.0
2020-01-01,976.0,976.0,487.0,487.0
2020-02-03,466.0,535.0,411.0,535.0
2020-03-02,539.0,633.0,539.0,626.0
2020-04-01,624.0,757.0,596.0,635.0
2020-05-01,617.0,617.0,393.0,504.0
2020-06-01,520.0,1799.0,520.0,1799.0
2020-07-01,1803.0,1956.0,1264.0,1350.0
2020-08-03,1385.0,1598.0,1385.0,1488.0
2020-09-01,1471.0,1725.0,1267.0,1725.0
2020-10-01,1869.0,2097.0,1283.0,1283.0
2020-11-02,1284.0,1284.0,1111.0,1227.0
2020-12-01,1211.0,1366.0,1121.0,1366.0
2021-01-01,1374.0,1856.0,1374.0,1452.0
2021-02-01,1444.0,1770.0,1303.0,1675.0
2021-03-01,1651.0,2319.0,1651.0,2046.0
2021-04-01,2072.0,3053.0,2072.0,3053.0
2021-05-03,3157.0,3266.0,2596.0,2596.0
2021-06-01,2568.0,3418.0,2420.0,3383.0
2021-07-01,3338.0,3338.0,3039.0,3292.0
2021-08-02,3282.0,4235.0,3281.0,4132.0
2021-09-01,4013.0,5197.0,3618.0,5167.0
2021-10-01,5202.0,5650.0,3519.0,3519.0
2021-11-01,3428.0,3428.0,2430.0,3018.0
2021-12-01,3047.0,3423.0,2217.0,2217.0
2022-01-03,2285.0,2296.0,1296.0,1418.0
2022-02-01,1440.0,2244.0,1419.0,2040.0
2022-03-01,2069.0,2727.0,2069.0,2358.0
2022-04-01,2357.0,2425.0,2031.0,2404.0
2022-05-02,2412.0,3369.0,2412.0,2566.0
2022-06-01,2633.0,2633.0,2186.0,2240.0
2022-07-01,2214.0,2214.0,1895.0,1895.0
2022-08-01,1872.0,1872.0,965.0,965.0
2022-09-01,1002.0,1816.0,1002.0,1760.0
2022-10-03,1788.0,1996.0,1463.0,1463.0
2022-11-01,1377.0,1393.0,1149.0,1355.0
2022-12-01,1338.0,1723.0,1323.0,1515.0
2023-01-02,1250.0,1250.0,676.0,681.0
2023-02-01,668.0,990.0,530.0,990.0
2023-03-01,1099.0,1603.0,1099.0,1389.0
2023-04-03,1412.0,1581.0,1368.0,1576.0
2023-05-01,1552.0,1640.0,977.0,977.0
2023-06-01,937.0,1240.0,919.0,1091.0
2023-07-03,1068.0,1127.0,962.0,1127.0
2023-08-01,1150.0,1247.0,1080.0,1086.0
2023-09-01,1065.0,1752.0,1063.0,1701.0
2023-10-02,1737.0,2105.0,1459.0,1459.0
2023-11-01,1401.0,2937.0,1385.0,2937.0
2023-12-01,3192.0,3346.0,2087.0,2094.0
2024-01-01,2093.0,2110.0,1308.0,1398.0
2024-02-01,1388.0,2111.0,1388.0,2111.0
2024-03-01,2203.0,2419.0,1821.0,1821.0
2024-04-01,1714.0,1919.0,1570.0,1685.0
2024-05-01,1688.0,2203.0,1688.0,1815.0
2024-06-03,1808.0,2050.0,1808.0,2050.0
2024-07-01,2158.0,2179.0,1708.0,1708.0
2024-08-01,1668.0,1827.0,1655.0,1814.0
2024-09-02,1919.0,2110.0,1890.0,2084.0
2024-10-01,2030.0,2030.0,1382.0,1388.0
2024-11-01,1378.0,1785.0,1354.0,1354.0
2024-12-02,1298.0,1298.0,976.0,997.0
2025-01-01,1029.0,1093.0,715.0,735.0
2025-02-03,738.0,1229.0,738.0,1229.0
2025-03-03,1276.0,1669.0,1228.0,1598.0
2025-04-01,1587.0,1587.0,1241.0,1386.0
2025-05-01,1411.0,1421.0,1267.0,1418.0
2025-06-02,1422.0,1975.0,1422.0,1489.0
2025-07-01,1458.0,2258.0,1423.0,2003.0
2025-08-01,2018.0,2051.0,1893.0,2025.0
2025-09-01,2024.0,2266.0,1940.0,2134.0
2025-10-01,1980.0,2144.0,1901.0,1966.0
2025-11-03,1945.0,2560.0,1945.0,2560.0
2025-12-01,2583.0,2845.0,1877.0,1877.0
2026-01-01,1882.0,2148.0,1532.0,2148.0
2026-02-02,2124.0,2140.0,1882.0,2140.0
2026-03-02,2187.0,2242.0,1919.0,1995.0
2026-04-01,2030.0,2686.0,2030.0,2686.0
2026-05-01,2730.0,3226.0,2730.0,3224.0
2026-06-01,3222.0,3222.0,2490.0,2501.0
2026-07-01,2562.0,2980.0,2562.0,2732.0
2026-08-03,2843.0,3186.0,2776.0,3186.0
2026-09-01,3157.0,3628.0,3157.0,3521.0
