EventID,EventDate,EventEndDate,EventName,Category,Scope,AffectedTickers,Lineage,Direction,Horizon,Rationale,DataQualityFlag,Source
EV001,2005-07-20,,China's NDRC releases the Iron and Steel Industry Development Policy,Macro,Sector,,DryBulk,Neutral,None,"First national steel capacity and consolidation policy, approved by the State Council in April 2005 and released by the NDRC on this date. Codifies the mill build-out behind the iron ore import growth of the period. No portfolio claim: the dry bulk basket holds one name until December 2007.",,https://www.cecc.gov/publications/commission-analysis/ndrc-issues-steel-industry-development-policy
EV002,2008-02-01,,Vale settles 2008 iron ore fines at plus 65 percent,Macro,Sector,,DryBulk,Neutral,None,"First leg of the 2008 benchmark round, taken by POSCO, Nippon Steel, JFE and Kobe. Month-level only. The dry bulk basket holds three names, so no portfolio-level claim is made.",,https://d9-wret.s3.us-west-2.amazonaws.com/assets/palladium/production/mineral-pubs/iron-ore/myb1-2008-feore.pdf
EV003,2008-06-01,,Australian miners settle 2008 iron ore at about plus 85 percent with a freight differential,Macro,Sector,,DryBulk,Mixed,Quarter,"First benchmark to price a freight differential over Brazilian ore, which transfers part of the Capesize rate to the miner. Higher ore prices signal demand strength against a direct claim on freight economics. Month-level only.",,https://d9-wret.s3.us-west-2.amazonaws.com/assets/palladium/production/mineral-pubs/iron-ore/myb1-2008-feore.pdf
EV004,2008-09-15,,Lehman Brothers files for Chapter 11,Macro,Sector,,Tanker,Mixed,Quarter,"Trade finance withdraws and letters of credit become unavailable, cutting cargo volumes. Against that, the collapse in crude prices opened the contango that made floating storage economic through the following two quarters, which is the same channel this table credits at EV020 and EV024.",,https://www.sec.gov/Archives/edgar/data/806085/000110465908059632/a08-22764_4ex99d1.htm
EV004,2008-09-15,,Lehman Brothers files for Chapter 11,Macro,Sector,,DryBulk,Negative,Quarter,"Same credit channel with no storage offset, since dry cargoes are not stored afloat at scale. Charter defaults followed directly.",,https://www.sec.gov/Archives/edgar/data/806085/000110465908059632/a08-22764_4ex99d1.htm
EV005,2008-11-09,,China announces RMB 4 trillion stimulus,Macro,Sector,,DryBulk,Positive,Quarter,"Investment-led package weighted to rail, road and construction, the demand channel for iron ore and coal. Announced on a Sunday; first tradable session is 2008-11-10.",,http://www.china.org.cn/business/news/2008-11/09/content_16736165.htm
EV006,2008-12-01,2009-02-28,Contango opens the floating storage trade,Freight,Sector,,Tanker,Positive,Quarter,"Crude forward curve moves into contango deep enough to pay for a VLCC as storage, withdrawing tonnage from the spot market and tightening effective supply while cargo demand is falling. Window is approximate and quarter-bounded rather than event-dated.",,https://www.opec.org/pr-detail/84-27-nov-2014.html
EV007,2010-03-30,2010-04-06,Annual iron ore benchmark pricing is abandoned,Macro,Sector,,DryBulk,Mixed,Regime,"Vale, Rio Tinto and BHP move to quarterly index-linked pricing. Ore prices become volatile and responsive, so mill restocking behaviour and therefore Capesize demand become more variable within the year. The mechanism that set EV002 and EV003 no longer exists after this.",,https://www.usgs.gov/centers/national-minerals-information-center/iron-ore-statistics-and-information
EV008,2014-11-27,,OPEC declines to cut production at its 166th Ordinary Meeting,Macro,Sector,,Tanker,Positive,Regime,"Ceiling held at 30.0 mb/d against falling prices. Sustained oversupply pushes crude into contango, making floating storage economic and withdrawing tonnage from the spot market. US Thanksgiving, so the first tradable session for the US-listed constituents is 2014-11-28.",,https://www.opec.org/pr-detail/84-27-nov-2014.html
EV008,2014-11-27,,OPEC declines to cut production at its 166th Ordinary Meeting,Macro,Sector,,DryBulk,Mixed,Quarter,"Lower bunker cost reduces voyage expense, while the same price weakness signals slowing industrial demand.",,https://www.opec.org/pr-detail/84-27-nov-2014.html
EV009,2015-12-18,,US crude oil export ban repealed,Supply,Sector,,Tanker,Positive,Regime,"Section 101 of P.L. 114-113 removes the export restriction, opening a US Gulf to Asia crude trade that did not previously exist. A structural addition to average haul length that accrues over years rather than on the date.",,https://www.congress.gov/crs-product/R44403
EV010,2016-08-31,,Hanjin Shipping enters court receivership,Macro,Sector,,DryBulk,Negative,Quarter,"Largest shipping insolvency of the cycle, marking the withdrawal of European and Korean bank lending from shipping generally. Raises the cost and availability of capital for owners. Receivership granted 2016-09-01.",,https://www.koreaherald.com/article/1070386
EV010,2016-08-31,,Hanjin Shipping enters court receivership,Macro,Sector,,Tanker,Negative,Quarter,"Same financing channel, though tanker earnings were stronger at the time.",,https://www.koreaherald.com/article/1070386
EV011,2016-11-30,,OPEC agrees its first production cut since 2008,Macro,Sector,,Tanker,Negative,Regime,"OPEC-14 target of 32.5 mb/d effective 2017-01-01. Less crude leaving the Gulf means fewer cargoes against an orderbook still delivering, which is the supply-side start of the 2017 and 2018 tanker downturn.",,https://www.opec.org/pr-detail/458-30-nov-2016.html
EV012,2018-05-08,,US withdraws from the JCPOA,Geopolitical,Sector,,Tanker,Positive,Regime,"Reimposition of Iran sanctions removes NITC tonnage from the compliant charter market and forces Iranian barrels onto longer, less efficient routings. Snapback of oil sanctions followed on 2018-11-05.",,https://www.federalregister.gov/documents/2018/05/11/2018-10250/ceasing-united-states-participation-in-the-joint-comprehensive-plan-of-action-and-taking-additional
EV013,2019-09-14,,Attack on Abqaiq and Khurais halts Saudi production,Geopolitical,Sector,,Tanker,Mixed,Month,"Roughly 5.7 mb/d of Saudi processing capacity interrupted. Fewer cargoes in the immediate term against a step change in Gulf war-risk premium and insurance cost, which reprices the whole route. Saturday, so the first tradable session is 2019-09-16.",,https://www.eia.gov/todayinenergy/detail.php?id=41413
EV014,2019-10-01,2019-12-31,Refiners build compliant fuel stocks ahead of IMO 2020,Freight,Sector,,Tanker,Positive,Quarter,"Refiners build compliant fuel inventory ahead of the sulphur cap while the COSCO designation removes tonnage, producing the largest tanker rate move of the decade. Window is quarter-bounded rather than event-dated.",,https://www.eia.gov/todayinenergy/detail.php?id=42432
EV015,2020-03-06,,OPEC plus cooperation collapses,Macro,Sector,,Tanker,Positive,Week,"Russia refuses the proposed cut. Saudi Arabia discounts official selling prices on 2020-03-07 and commits to raising output around 2020-03-10, creating long-haul cargo demand and contango storage economics at once.",,https://www.spglobal.com/commodityinsights/en/market-insights/latest-news/oil/030820-saudi-arabia-slashes-april-osps-after-breakdown-of-opec-talks
EV015,2020-03-06,,OPEC plus cooperation collapses,Macro,Sector,,DryBulk,Negative,Week,Arrives with the first COVID demand shock and carries no offsetting cargo benefit.,,https://www.spglobal.com/commodityinsights/en/market-insights/latest-news/oil/030820-saudi-arabia-slashes-april-osps-after-breakdown-of-opec-talks
EV016,2020-03-11,,WHO characterises COVID-19 as a pandemic,Macro,Sector,,Tanker,Mixed,Quarter,Refined product demand destruction against a storage-driven rate spike running the other way.,,https://www.paho.org/en/news/11-3-2020-who-characterizes-covid-19-pandemic
EV016,2020-03-11,,WHO characterises COVID-19 as a pandemic,Macro,Sector,,DryBulk,Negative,Quarter,Industrial shutdowns cut raw material demand with no storage offset.,,https://www.paho.org/en/news/11-3-2020-who-characterizes-covid-19-pandemic
EV017,2020-04-20,,WTI front-month settles below zero,Macro,Sector,,Tanker,Positive,Month,"Storage scarcity at Cushing prices physical delivery below zero, which is the most extreme contango signal on record and makes floating storage economic at almost any freight rate.",,https://www.eia.gov/todayinenergy/detail.php?id=43495
EV018,2020-04-12,2020-05-01,OPEC plus agrees a record 9.7 mb/d production cut,Macro,Sector,,Tanker,Negative,Regime,"Effective 2020-05-01, tapering to 7.7 mb/d in July. Removes the cargo volume and collapses the contango that paid for floating storage, ending the storage trade and beginning the 2020 and 2021 tanker earnings collapse. The symmetric counterpart to EV015 and EV017. Announced on a Sunday.",,https://www.opec.org/pr-detail/310-12-apr-2020.html
EV019,2020-10-01,,China restricts Australian coal imports,Supply,Sector,,DryBulk,Mixed,Regime,"Unofficial ban redirects Australian coal to India and Europe while China sources from Indonesia, Russia and Colombia. Both legs lengthen, so tonne-mile demand rises even though tonnage is unchanged. Month-level; no single announcement exists. Relaxed from early 2023.",,https://www.eia.gov/todayinenergy/detail.php?id=46896
EV020,2021-10-01,2021-10-31,Chinese power rationing and coal price spike,Supply,Sector,,DryBulk,Positive,Quarter,"Provincial electricity rationing forces emergency thermal coal imports on top of an already congested global port system, producing the strongest Capesize and Panamax earnings since 2008. Month-bounded rather than event-dated.",,https://www.eia.gov/todayinenergy/detail.php?id=50176
EV021,2021-12-09,,Evergrande is declared in default,Macro,Sector,,DryBulk,Negative,Regime,"Marks the start of the Chinese property downturn, which is the end demand for roughly a third of Chinese steel and therefore for seaborne iron ore.",,https://www.fitchratings.com/research/corporate-finance/fitch-downgrades-evergrande-tianji-to-restricted-default-09-12-2021
EV022,2025-04-03,2025-05-01,OPEC plus accelerates the unwind of voluntary cuts,Macro,Sector,,Tanker,Positive,Regime,"Eight producers compress three monthly increments into one, adding 411 kb/d from May 2025 and beginning a sustained supply-addition phase that raises seaborne crude volumes.",,https://www.opec.org/pr-detail/557-03-april-2025.html
EV023,2014-01-12,,Indonesia bans unprocessed mineral ore exports,Supply,Sector,,DryBulk,Negative,Regime,"Removes short-haul nickel and bauxite cargoes to China, mostly Supramax and Panamax. Partly relaxed in 2017 and reimposed for nickel ore from 2020-01-01.",,https://www.usgs.gov/centers/national-minerals-information-center/nickel-statistics-and-information
EV024,2015-11-05,,Fundao tailings dam fails at Samarco,Supply,Sector,,DryBulk,Negative,Quarter,"The Vale and BHP joint venture suspends operations. Brazil is the longest Capesize haul, so withdrawn Brazilian tonnage cuts tonne-miles by more than the tonnage alone. Horizon is Quarter rather than Regime because the duration of the shutdown was not knowable on the date.",,https://www.sec.gov/Archives/edgar/data/811809/000119312515389879/d11672d6k.htm
EV025,2019-01-10,,Fire at the Cape Lambert A iron ore terminal,Supply,Sector,,DryBulk,Negative,Month,"Damage to a Rio Tinto shiploader at Cape Lambert A constrains Pilbara export capacity ahead of the cyclone season, and compounds with EV028.",,https://www.riotinto.com/en/news/releases/2019/Rio-Tinto-releases-fourth-quarter-production-results
EV026,2019-01-29,,Vale announces decommissioning of all upstream tailings dams,Supply,Sector,,DryBulk,Negative,Quarter,"Following the 2019-01-25 Brumadinho failure, Vale halts roughly 40 Mtpa of iron ore capacity. Announced after Brazilian market hours.",,https://vale.com/w/vale-announces-the-decommissioning-of-all-its-upstream-tailings-dams
EV027,2019-03-25,,Vale reports cumulative suspensions of about 92.8 Mtpa,Supply,Sector,,DryBulk,Negative,Quarter,"Brucutu, Timbopeba and Alegria add to the January total, roughly doubling the withdrawn volume. A separate information event from EV026.",,https://www.sec.gov/Archives/edgar/data/917851/000110465919018066/a19-6515_156k.htm
EV028,2019-03-18,2019-03-28,Cyclone Veronica halts Pilbara iron ore loading,Supply,Sector,,DryBulk,Negative,Month,"Near-stationary off the Pilbara coast for about 24 hours on 23 and 24 March, closing the Australian export ports. Coincides with the Brazilian suspensions, so both Capesize origins are constrained at once. Window is the cyclone's; port closure dates are not publicly archived.",,https://www.bom.gov.au/cyclone/history/pdf/Veronica_Report.pdf
EV029,2019-03-29,,Rio Tinto declares force majeure on Pilbara shipments,Supply,Sector,,DryBulk,Negative,Quarter,Cyclone damage to Cape Lambert A converts the weather event into a contractual volume reduction. Guidance was cut on 2019-04-01 and cut again in the Q1 production report on 2019-04-16.,,https://www.mining.com/web/rio-tinto-cuts-2019-iron-ore-shipment-outlook-cyclone/
EV030,2022-01-01,2022-02-01,Indonesia bans coal exports,Supply,Sector,,DryBulk,Mixed,Month,"Full export ban for January to protect domestic power supply, relaxed 2022-01-12 for producers meeting their domestic obligation and reopened from 2022-02-01. Removes Panamax and Supramax cargoes, while diverted buyers source from Australia and Colombia on longer hauls.",,https://www.esdm.go.id/en/media-center/news-archives/preventing-power-outages-govt-temporarily-bans-coal-export
EV031,2022-07-22,,Black Sea Grain Initiative signed,Supply,Sector,,DryBulk,Mixed,Quarter,"Restores Ukrainian grain exports, adding Handysize and Supramax cargoes on short hauls that partly displace the longer replacement voyages buyers had arranged from Australia and the Americas.",,https://www.un.org/en/black-sea-grain-initiative
EV032,2023-07-17,,Russia withdraws from the Black Sea Grain Initiative,Geopolitical,Sector,,DryBulk,Mixed,Quarter,"Ukrainian grain again leaves by longer routes or by rail and river, which reduces cargo volume while lengthening what remains.",,https://www.un.org/en/black-sea-grain-initiative
EV033,2025-11-11,,Simandou ships its first iron ore,Supply,Sector,,DryBulk,Positive,Regime,"A new West African Capesize origin at a longer haul to China than either Australia or Brazil, adding tonne-mile demand against a fixed fleet as volumes ramp.",,https://www.riotinto.com/en/news/releases/2025/simandou-first-ore
EV034,2021-03-23,2021-03-29,Ever Given blocks the Suez Canal,Freight,Sector,,Tanker,Mixed,Week,"Six-day closure delays transits and briefly tightens available tonnage, too short to move period rates.",,https://terramare.boskalis.com/en/uutiset/grounded-container-vessel-ever-given-successfully-refloated-in-the-suez-canal/
EV034,2021-03-23,2021-03-29,Ever Given blocks the Suez Canal,Freight,Sector,,DryBulk,Mixed,Week,"Same mechanism and the same brevity. Most dry bulk long-haul routes do not transit Suez, so the exposure is smaller but not nil.",,https://terramare.boskalis.com/en/uutiset/grounded-container-vessel-ever-given-successfully-refloated-in-the-suez-canal/
EV035,2023-10-30,2024-08-31,Panama Canal restricts daily transits for drought,Freight,Sector,,DryBulk,Mixed,Regime,"Advisory A-48-2023 schedules cuts from 32 to 18 slots per day. The canal reversed course from 2024-01-16 and 18 never took effect; capacity normalised around August 2024. Diverted voyages lengthen, against queueing and auction costs falling on Panamax operators.",,https://pancanal.com/wp-content/uploads/2023/01/ADV48-2023-Reduction-in-Transits-Due-to-the-Ongoing-Deficit-in-Precipitation-in-the-Canal-Watershed.pdf
EV035,2023-10-30,2024-08-31,Panama Canal restricts daily transits for drought,Freight,Sector,,Tanker,Mixed,Regime,"Same diversion mechanism, with little crude exposure since VLCCs do not transit the canal.",,https://pancanal.com/wp-content/uploads/2023/01/ADV48-2023-Reduction-in-Transits-Due-to-the-Ongoing-Deficit-in-Precipitation-in-the-Canal-Watershed.pdf
EV036,2019-06-13,,Tankers attacked in the Gulf of Oman,Geopolitical,Sector,,Tanker,Positive,Month,"Attacks on the Front Altair and Kokuka Courageous reprice Hormuz war-risk insurance, which raises the all-in cost of a Gulf voyage and is passed into freight.",,https://www.cencom.mil/MEDIA/NEWS-ARTICLES/News-Article-View/Article/1874909/
EV037,2019-09-25,,OFAC sanctions COSCO Shipping Tanker (Dalian),Geopolitical,Sector,,Tanker,Positive,Month,"Designation under E.O. 13846 removes a large VLCC operator from the compliant charter market at once, tightening available tonnage against unchanged cargo demand. Sanctions on the parent entity were lifted 2020-01-31.",,https://ofac.treasury.gov/recent-actions/20190925
EV038,2022-02-24,,Russia invades Ukraine,Geopolitical,Sector,,Tanker,Positive,Regime,"Russian crude reroutes from short Baltic to Europe voyages toward India and China, lengthening average haul on an effectively fixed fleet. Tonne-mile demand rises without a vessel being added.",,https://www.consilium.europa.eu/en/policies/sanctions-against-russia-explained/
EV038,2022-02-24,,Russia invades Ukraine,Geopolitical,Sector,,DryBulk,Mixed,Quarter,"Europe substitutes seaborne coal for Russian pipeline gas, which adds long-haul thermal coal cargoes, against the loss of Ukrainian grain exports and higher bunker cost.",,https://www.consilium.europa.eu/en/policies/sanctions-against-russia-explained/
EV039,2022-12-05,,EU seaborne crude import ban and G7 price cap take effect,Geopolitical,Sector,,Tanker,Positive,Regime,"Council Regulation (EU) 2022/879 Article 3m. Formalises the rerouting and splits the fleet into compliant and shadow tonnage, tightening the compliant pool that listed owners trade in.",,https://eur-lex.europa.eu/eli/reg/2022/879/oj
EV040,2023-02-05,,EU refined products ban and product price caps take effect,Geopolitical,Sector,,Tanker,Positive,Regime,Extends the same haul lengthening to the products trades.,,https://eur-lex.europa.eu/eli/reg/2022/879/oj
EV041,2023-11-19,,Houthi forces seize the Galaxy Leader,Geopolitical,Sector,,Tanker,Positive,Week,"First seizure of a merchant vessel in the southern Red Sea, beginning the risk repricing of Bab al-Mandab transits.",,https://www.diplomatie.gouv.fr/en/country-files/yemen/events/article/seizure-of-the-galaxy-leader-21-nov-2023
EV041,2023-11-19,,Houthi forces seize the Galaxy Leader,Geopolitical,Sector,,DryBulk,Mixed,Week,"Same corridor, but bulk carriers largely continued transiting into 2024, so the rerouting benefit did not accrue equally.",,https://www.diplomatie.gouv.fr/en/country-files/yemen/events/article/seizure-of-the-galaxy-leader-21-nov-2023
EV042,2023-12-15,,Maersk suspends Red Sea transits,Geopolitical,Sector,,Tanker,Positive,Regime,"First major operator suspension. BP followed on 2023-12-18 and Operation Prosperity Guardian was announced on 2023-12-19. Cape of Good Hope routing adds roughly ten days per Asia to Europe voyage, absorbing tonnage and tightening effective supply.",,https://www.maersk.com/news/articles/2023/12/15/maersk-operations-through-red-sea-gulf-of-aden
EV042,2023-12-15,,Maersk suspends Red Sea transits,Geopolitical,Sector,,DryBulk,Mixed,Quarter,"Bulk carriers continued transiting in large numbers, so the tonne-mile gain is partial. The True Confidence attack on 2024-03-06 shows the risk was real without the rerouting being universal.",,https://www.maersk.com/news/articles/2023/12/15/maersk-operations-through-red-sea-gulf-of-aden
EV043,2025-06-13,2025-06-24,Israel-Iran conflict raises the Hormuz risk premium,Geopolitical,Sector,,Tanker,Positive,Month,"War-risk insurance on Gulf transits reprices sharply during the exchange. Roughly a fifth of seaborne crude passes Hormuz, so the premium enters the freight rate on most VLCC voyages.",,https://www.eia.gov/todayinenergy/detail.php?id=61002
EV044,2025-10-22,,OFAC designates Rosneft and Lukoil,Geopolitical,Sector,,Tanker,Positive,Month,"Largest Russian oil designations to that date. Compliant charterers withdraw from a further slice of Russian barrels, pushing cargo onto shadow tonnage and tightening the compliant fleet listed owners trade in.",,https://ofac.treasury.gov/recent-actions/20251022
EV045,2016-10-28,,MEPC 70 confirms the 2020 sulphur cap start date,Regulatory,Sector,,Tanker,Mixed,Regime,Resolution MEPC.280(70) fixes 2020-01-01 for the 0.50 percent limit. This is the information event; the 2020 entry into force was a formality by then.,,https://wwwcdn.imo.org/localresources/en/OurWork/Environment/Documents/280(70).pdf
EV045,2016-10-28,,MEPC 70 confirms the 2020 sulphur cap start date,Regulatory,Sector,,DryBulk,Mixed,Regime,"Same decision, with less scrubber uptake expected across the older bulk fleet.",,https://wwwcdn.imo.org/localresources/en/OurWork/Environment/Documents/280(70).pdf
EV046,2020-01-01,,IMO 2020 sulphur cap enters into force,Regulatory,Sector,,Tanker,Neutral,None,Compliance date for the limit confirmed at MEPC 70 in 2016. Timeline marker; the repricing belongs to EV045.,,https://wwwcdn.imo.org/localresources/en/OurWork/Environment/Documents/280(70).pdf
EV046,2020-01-01,,IMO 2020 sulphur cap enters into force,Regulatory,Sector,,DryBulk,Neutral,None,Same reasoning.,,https://wwwcdn.imo.org/localresources/en/OurWork/Environment/Documents/280(70).pdf
EV047,2020-11-20,,MEPC 75 approves draft EEXI and CII amendments,Regulatory,Sector,,Tanker,Mixed,Regime,"The information event for the efficiency regime. Speed and power constraints reduce effective supply, against an incentive to order replacement tonnage, which adds supply. Adopted at MEPC 76 on 2021-06-17, in force 2022-11-01, applying from 2023-01-01.",,https://www.imo.org/en/MediaCentre/MeetingSummaries/Pages/MEPC-75th-session.aspx
EV047,2020-11-20,,MEPC 75 approves draft EEXI and CII amendments,Regulatory,Sector,,DryBulk,Mixed,Regime,"Same mechanism, biting harder on an older and less efficient fleet, and the newbuilding response is correspondingly larger.",,https://www.imo.org/en/MediaCentre/MeetingSummaries/Pages/MEPC-75th-session.aspx
EV048,2024-01-01,,EU Emissions Trading System extended to maritime,Regulatory,Sector,,Tanker,Neutral,None,"Allowance surrender on ships of 5,000 GT and above, phasing in from 40 percent of 2024 emissions. Legislated in 2023, so the date carried no news, and owners recover the cost through ETS surcharges and charterer-pays clauses.",,https://climate.ec.europa.eu/areas-action/transport-decarbonisation/reducing-emissions-shipping-sector/faq-maritime-transport-eu-emissions-trading-system-ets_en
EV048,2024-01-01,,EU Emissions Trading System extended to maritime,Regulatory,Sector,,DryBulk,Neutral,None,Same obligation and the same pass-through.,,https://climate.ec.europa.eu/areas-action/transport-decarbonisation/reducing-emissions-shipping-sector/faq-maritime-transport-eu-emissions-trading-system-ets_en
EV049,2024-09-08,,Ballast water D-2 compliance deadline for all existing ships,Regulatory,Sector,,Tanker,Neutral,None,"Deadline fixed since the convention entered into force in 2017, so nothing was learned on the date. The expected scrapping response did not appear: 2024 recycling fell to its lowest level since 2005.",,https://www.imo.org/en/OurWork/Environment/Pages/BWMConventionandGuidelines.aspx
EV049,2024-09-08,,Ballast water D-2 compliance deadline for all existing ships,Regulatory,Sector,,DryBulk,Neutral,None,Same reasoning. Bulker demolition fell in 2024 rather than rising.,,https://www.imo.org/en/OurWork/Environment/Pages/BWMConventionandGuidelines.aspx
EV050,2025-01-01,,FuelEU Maritime applies,Regulatory,Sector,,Tanker,Neutral,None,"Regulation (EU) 2023/1805 sets declining greenhouse gas intensity limits on energy used at EU ports. Adopted September 2023, so the application date carried no new information, and the cost is contractually passed through.",,https://eur-lex.europa.eu/eli/reg/2023/1805/oj/eng
EV050,2025-01-01,,FuelEU Maritime applies,Regulatory,Sector,,DryBulk,Neutral,None,Same reasoning.,,https://eur-lex.europa.eu/eli/reg/2023/1805/oj/eng
EV051,2025-10-14,2025-11-10,USTR Section 301 port fees on Chinese-built and operated vessels,Regulatory,Sector,,Tanker,Mixed,Month,"Announced 2025-04-17 with a zero fee window to 2025-10-13, in force from 2025-10-14 at 50 USD per net ton for Chinese operators and 18 USD per net ton for Chinese-built vessels, rising annually, then SUSPENDED for one year effective 2025-11-10. The regime therefore applied for about four weeks. Raises cost for owners of Chinese-built tonnage and advantages the rest, but only within that window.",,https://www.federalregister.gov/documents/2025/11/13/2025-19873/notice-of-modification-of-section-301-action-chinas-targeting-of-the-maritime-logistics-and
EV051,2025-10-14,2025-11-10,USTR Section 301 port fees on Chinese-built and operated vessels,Regulatory,Sector,,DryBulk,Mixed,Month,"Same split and the same four-week window, more material because a larger share of the bulk fleet is Chinese-built. China's mirrored fee on US-linked vessels took effect 2025-10-14 and was suspended in parallel.",,https://www.federalregister.gov/documents/2025/11/13/2025-19873/notice-of-modification-of-section-301-action-chinas-targeting-of-the-maritime-logistics-and
EV052,2025-10-17,,IMO Net-Zero Framework adjourned for twelve months,Regulatory,Sector,,Tanker,Mixed,Regime,Removes near-term compliance cost while extending uncertainty over future fuel and newbuild decisions.,,https://www.imo.org/en/mediacentre/pressbriefings/pages/imo-net-zero-shipping-talks-to-resume-in-2026.aspx
EV052,2025-10-17,,IMO Net-Zero Framework adjourned for twelve months,Regulatory,Sector,,DryBulk,Mixed,Regime,Same effect on both trades.,,https://www.imo.org/en/mediacentre/pressbriefings/pages/imo-net-zero-shipping-talks-to-resume-in-2026.aspx
EV053,2005-01-03,,Tanker series begins with Euronav and Frontline,Corporate,Constituent,CMBT.BR;FRO,Tanker,Neutral,None,"First date in the tanker price files. Euronav listed separately on Euronext Brussels in December 2004 and Frontline had traded on NYSE since 2001, so neither is a listing event; this is where the data starts.","Tanker constituent count is 2 from this date. Euronav's December 2004 IPO month is outside the file, so no claim should be framed from the IPO.",https://cmb.tech/investors/share-information/listings-and-indices
EV054,2005-10-13,,DHT prices its NYSE IPO,Corporate,Constituent,DHT,Tanker,Neutral,None,Double Hull Tankers lists at USD 12.00 with seven vessels chartered to OSG. Date is the pricing date; first trade was most likely the following session.,Tanker constituent count rises from 2 to 3.,https://www.globenewswire.com/news-release/2005/10/13/334769/5915/en/Double-Hull-Tankers-Announces-Pricing-of-Initial-Public-Offering.html
EV055,2007-12-13,,Teekay Tankers begins trading on NYSE,Corporate,Constituent,TNK,Tanker,Neutral,None,"Priced 2007-12-12 at USD 19.50 for 40 percent of the company, with Teekay Corporation retaining Class B control. Date is the first trading session.",Class A is the traded line; dual-class from inception. Constituent count rises from 3 to 4.,https://www.teekay.com/blog/2007/12/12/teekay-tankers-ltd-announces-pricing-of-its-initial-public-offering/
EV056,2010-04-01,,Scorpio Tankers begins trading on NYSE,Corporate,Constituent,STNG,Tanker,Neutral,None,Priced 2010-03-31 at USD 13.00 for 12.5 million shares; the offering closed 2010-04-06. Date is the first trading session.,Constituent count rises from 4 to 5. The file's own first date is the authority if it disagrees with this.,https://www.sec.gov/Archives/edgar/data/1483934/000110262410000391/exh99_1.htm
EV057,2011-11-30,,Frontline announces the Frontline 2012 restructuring,Corporate,Constituent,FRO,Tanker,Mixed,Quarter,"Fifteen vessels and newbuilding contracts move to a new company for USD 1,121m, which also assumes USD 666m of bank debt and USD 325.5m of newbuilding commitments. Earning capacity leaves the listed line with no subscription rights to holders, and a capex overhang and near-term insolvency risk leave with it. The information event; completion was 2011-12-30.",No corporate action adjustment exists for this. The price series is continuous but per-share fundamentals are not comparable across it.,https://www.frontline.bm/fro-restructuring/
EV058,2012-07-17,,DHT completes a 1-for-12 reverse stock split,Corporate,Constituent,DHT,Tanker,Neutral,None,"Share count falls from about 94.5m to 7.9m. Mechanical, with no change to enterprise value.",Split factor 12. Unadjusted prices before 2012-07-17 are one twelfth of the split-adjusted level.,https://www.dhtankers.com/dht-holdings-inc-announces-effectiveness-of-12-for-1-reverse-stock-split/
EV059,2014-09-16,,DHT closes the Samco Shipholding acquisition,Corporate,Constituent,DHT,Tanker,Mixed,Quarter,"Seven VLCCs for USD 317m funded with an equity offering and convertible notes. Capacity and dilution arrive together, so the per-share effect turns on the price paid rather than the size. One of five names, so the portfolio effect is about a fifth of the stock effect.",,https://www.dhtankers.com/dht-holdings-inc-announces-closing-of-its-acquisition-of-samco-shipholding/
EV060,2015-11-30,,Frontline 2012 merges back into Frontline,Corporate,Constituent,FRO,Tanker,Mixed,Quarter,"Share count rises from 198m to as much as 782m at 2.55 Frontline shares per Frontline 2012 share. Fleet returns to the listed line, paid for in equity, and the accounting treats Frontline 2012 as the acquirer. Announced 2015-07-01.",About 294 percent share issuance with no split factor. Per-share history is not comparable across this date and reported financials were restated.,https://www.frontlineplc.cy/fro-merger-between-frontline-and-frontline-2012-completed/
EV061,2017-01-29,,Frontline bids for DHT; DHT adopts a rights plan,Corporate,Constituent,FRO;DHT,Tanker,Mixed,Month,"Proposal of 0.725 Frontline shares per DHT share, delivered 2017-01-27, and a poison pill adopted in response. Both counterparties are in this basket, so most of any exchange-ratio effect moves between two holdings. Under equal weighting the residual is not zero: it depends on the market cap ratio, which was roughly 2 to 1 in Frontline's favour, and target-side gains typically exceed acquirer-side losses, so the residual is small and usually positive.",,https://www.globenewswire.com/news-release/2017/01/29/911788/0/en/DHT-Holdings-Inc-Announces-Receipt-of-Non-binding-Proposal-Adopts-One-Year-Shareholder-Rights-Plan.html
EV062,2017-05-07,2017-06-26,"DHT rejects Frontline, which abandons the approach",Corporate,Constituent,FRO;DHT,Tanker,Mixed,Quarter,"Board rejection on 2017-05-07 and public abandonment on 2017-06-26. Intra-basket, so the residual is again bounded by the size ratio rather than zero. The end date rests on CEO remarks rather than a filing.",,https://www.globenewswire.com/news-release/2017/05/07/979816/0/en/DHT-Holdings-Inc-Board-Unanimously-Rejects-Unimproved-Proposal-from-Frontline.html
EV063,2017-06-27,,DHT completes the BW Group VLCC acquisition,Corporate,Constituent,DHT,Tanker,Mixed,Quarter,"Eleven VLCCs for about USD 538m, of which USD 256m in shares at USD 5.37, taking BW to roughly 33.5 percent of DHT. Fleet nearly doubles, paid for with equity and a new control block.",Large single-counterparty issuance creates a control block; free float falls correspondingly.,https://www.dhtankers.com/dht-holdings-inc-announces-completion-of-delivery-of-all-vessels-acquired-from-bw-group-and-transfer-of-two-newbuilding-contracts/
EV064,2017-09-01,,Scorpio Tankers closes the Navig8 Product Tankers merger,Corporate,Constituent,STNG,Tanker,Mixed,Quarter,"27 eco product tankers acquired for 55 million shares against 279.7 million outstanding, so existing holders are diluted by about 16.4 percent. Capacity and dilution move together.",,https://www.scorpiotankers.com/scorpio-tankers-inc-announces-closing-of-merger-with-navig8-product-tankers-inc/
EV065,2017-11-27,,Teekay Tankers closes the Tanker Investments merger,Corporate,Constituent,TNK,Tanker,Mixed,Quarter,"3.30 Teekay Tankers Class A shares per Tanker Investments share, adding 18 vessels for a fleet of 53. Dilutive, and Tanker Investments delisted from Oslo at closing.",,https://www.teekay.com/blog/2017/11/27/teekay-tankers-and-tanker-investments-announce-closing-of-merger/
EV066,2018-06-12,,Euronav completes the Gener8 Maritime merger,Corporate,Constituent,CMBT.BR,Tanker,Mixed,Quarter,"0.7272 Euronav shares per Gener8 share, creating the largest independent crude tanker operator with about 75 vessels. The largest corporate event in Euronav's pre-2022 life. Capacity and dilution together.",,https://www.sec.gov/Archives/edgar/data/1604481/000091957418004512/d7907276_6-k.htm
EV067,2019-01-18,,Scorpio Tankers completes a 1-for-10 reverse stock split,Corporate,Constituent,STNG,Tanker,Neutral,None,"Mechanical, with no change to enterprise value. Scorpio's only reverse split.",Split factor 10. Unadjusted prices before 2019-01-18 are one tenth of the split-adjusted level.,https://www.globenewswire.com/news-release/2019/01/15/1695324/0/en/Scorpio-Tankers-Inc-Announces-Reverse-Stock-Split-to-be-Effective-January-18-2019.html
EV068,2019-09-27,,Scorpio Tankers closes the Trafigura product tanker acquisition,Corporate,Constituent,STNG,Tanker,Mixed,Quarter,"Leasehold interest in 19 product tankers for USD 803m, part-funded with 4.6m shares at USD 29.00 plus a USD 50m private placement.",,https://www.scorpiotankers.com/scorpio-tankers-announces-closing-of-the-previously-announced-acquisition-of-the-leasehold-interest-of-19-product-tankers-and-the-50-million-private-placement/
EV069,2019-11-25,,Teekay Tankers completes a 1-for-8 reverse stock split,Corporate,Constituent,TNK,Tanker,Neutral,None,Class A falls from about 232m to 29m shares. Mechanical.,Split factor 8. Unadjusted prices before 2019-11-25 are one eighth of the split-adjusted level.,https://www.teekay.com/blog/2019/11/25/teekay-tankers-ltd-completes-previously-announced-reverse-stock-split/
EV070,2022-04-07,,Frontline and Euronav announce a combination term sheet,Corporate,Constituent,FRO;CMBT.BR,Tanker,Mixed,Month,"Stock-for-stock at 1.45 Frontline per Euronav share, a 59/41 ownership split with no cash premium. Both parties are in this basket, so most of the effect moves between two holdings. Frontline was roughly 1.5 times Euronav by market capitalisation, so the equal-weighted residual is non-zero and its sign depends on which side moves more.",,https://www.sec.gov/Archives/edgar/data/913290/000091957422002581/d9448809_6-k.htm
EV071,2022-07-11,,Frontline and Euronav sign a definitive combination agreement,Corporate,Constituent,FRO;CMBT.BR,Tanker,Mixed,Month,"Binding agreement raising completion probability. Intra-basket, so the same size-ratio reasoning as EV070 applies.",,https://www.globenewswire.com/en/news-release/2022/07/11/2476977/0/en/FRO-Fronline-Ltd-and-Euronav-NV-sign-definitive-combination-agreement-to-create-a-leading-global-independent-oil-tanker-operator.html
EV072,2022-12-30,,Frontline redomiciles from Bermuda to Cyprus,Corporate,Constituent,FRO,Tanker,Neutral,None,"Frontline Ltd becomes Frontline plc. Shares were not reissued and the business is unchanged. NYSE trading under the new name from 2023-01-03, Oslo from 2023-01-09.",New CUSIP M46528101 and ISIN CY0200352116. A vendor series keyed on ISIN or CUSIP may show a gap or a break around 2023-01-03 despite economic continuity.,https://www.frontlineplc.cy/fro-redomiciliation-of-frontline-to-cyprus-is-effective/
EV073,2023-01-09,,Frontline terminates the combination agreement with Euronav,Corporate,Constituent,FRO;CMBT.BR,Tanker,Mixed,Month,"Deal break leaves two blocking shareholders in conflict. Intra-basket: what one holding loses in combination premium the other partly gains in independence, with a residual set by the size ratio.",,https://live.euronext.com/en/products/equities/company-news/2023-01-09-fro-termination-combination-agreement-euronav
EV074,2023-10-09,,CMB buys Frontline's Euronav stake; 24 VLCCs move to Frontline,Corporate,Constituent,FRO;CMBT.BR,Tanker,Mixed,Quarter,"CMB acquires 26.12 percent of Euronav at USD 18.43 while Euronav sells 24 of its 41 VLCCs to Frontline for USD 2.35bn. Euronav retains about 20 VLCCs, 21 Suezmaxes and 2 FSOs, so trading crude tankers fall from 64 to 42 and the company remains a pure crude operator. Vessels and shares both move between two basket constituents, so the fleet is not lost to the portfolio. The proceeds fund the CMB.TECH NV acquisition at EV115 and EV116, which is what actually diversifies the company.",Delivery of the 24 vessels ran from December 2023 through Q1 2024 and is disclosed only at quarter level.,https://www.cmb.be/news/cmb-signs-share-purchase-agreement-to-acquire-shares-in-euronav-from-frontline-and-famatown-to-be-followed-by-a-mandatory-public-takeover-bid-by-cmb-on-euronav
EV075,2024-02-14,2024-03-15,CMB launches a mandatory takeover bid for Euronav,Corporate,Constituent,CMBT.BR,Tanker,Positive,Month,"Cash bid at USD 17.86 per share from CMB, which is not a basket constituent, so this is cash entering the portfolio from outside rather than a transfer within it. Puts a floor under one of five holdings for the acceptance period.",,https://www.cmb.be/public/CMB-press-release-Launch-of-the-Offer-EN-PDF_03651566.pdf
EV076,2024-03-18,,CMB's mandatory bid for Euronav closes at 80.51 percent,Corporate,Constituent,CMBT.BR,Tanker,Neutral,None,"Bid result. No new information about tanker earnings, so no directional claim.","Free float falls to roughly 11 percent, since CMB with Saverco and treasury shares holds 88.61 percent. From here CMBT.BR daily returns may reflect thin trading as much as the tanker market.",https://www.cmb.be/news/press-release-results-of-the-mandatory-public-takeover-bid-on-euronav-nv-launched-by-cmb-nv
EV077,2024-07-15,,Euronav's ticker changes from EURN to CMBT,Corporate,Constituent,CMBT.BR,Tanker,Neutral,None,Symbol change on Euronext Brussels and NYSE.,Ticker change. A vendor series keyed on symbol may split here.,https://cmb.tech/public/EarningsRelease_Q2_2024.pdf
EV078,2024-10-01,,Euronav becomes CMB.TECH NV,Corporate,Constituent,CMBT.BR,Tanker,Neutral,None,Legal name change approved at the July 2024 general meeting. The business had already changed: the VLCC fleet went to Frontline through Q1 2024 and the free float collapsed in March.,,https://live.euronext.com/en/products/equities/company-news/2024-09-17-euronav-changes-name-cmbtech-1-october
EV079,2025-03-04,,CMB.TECH acquires 40.8 percent of Golden Ocean from Hemen,Corporate,Constituent,CMBT.BR;GOGL,DryBulk,Mixed,Month,"81,363,730 shares at USD 14.49 from Hemen. A control block changes hands at a premium paid to the seller, and the release states that no mandatory offer is triggered in any jurisdiction, so minorities receive nothing directly. Signalling effect against no cash to the float.",,https://www.sec.gov/Archives/edgar/data/1604481/000091957425001783/d11621221_ex99-1.htm
EV079,2025-03-04,,CMB.TECH acquires 40.8 percent of Golden Ocean from Hemen,Corporate,Constituent,CMBT.BR;GOGL,Tanker,Mixed,Month,"CMBT.BR takes on dry bulk exposure funded with cash, diluting the tanker character of the holding while adding diversification. Both counterparties are constituents, one in each basket.",,https://www.sec.gov/Archives/edgar/data/1604481/000091957425001783/d11621221_ex99-1.htm
EV080,2025-05-28,,CMB.TECH and Golden Ocean sign a definitive merger agreement,Corporate,Constituent,CMBT.BR;GOGL,DryBulk,Positive,Month,"0.95 CMB.TECH shares per Golden Ocean share from an acquirer outside the dry bulk basket, delivering consideration to the float rather than to a single seller.",,https://www.globenewswire.com/news-release/2025/05/28/3089966/0/en/CMB-TECH-NV-AND-GOLDEN-OCEAN-GROUP-LIMITED-ANNOUNCE-AGREEMENT-AND-PLAN-OF-MERGER.html
EV080,2025-05-28,,CMB.TECH and Golden Ocean sign a definitive merger agreement,Corporate,Constituent,CMBT.BR;GOGL,Tanker,Mixed,Month,"CMBT.BR issues roughly 96 million shares to pay for it, which is large dilution against a large capacity addition in a different trade.",,https://www.globenewswire.com/news-release/2025/05/28/3089966/0/en/CMB-TECH-NV-AND-GOLDEN-OCEAN-GROUP-LIMITED-ANNOUNCE-AGREEMENT-AND-PLAN-OF-MERGER.html
EV081,2025-08-20,,CMB.TECH completes the Golden Ocean merger,Corporate,Constituent,CMBT.BR;GOGL,Tanker,Neutral,None,"95,952,934 new shares issued. The security becomes a combined tanker and dry bulk operator, so it stops being a tanker constituent on business grounds.",Hard end of CMBT.BR as a tanker constituent. Tanker constituent count falls from 5 to 4. Secondary Oslo listing under CMBTO from this date.,https://cmb.tech/public/CMBT_Closing_merger_EN.pdf
EV081,2025-08-20,,CMB.TECH completes the Golden Ocean merger,Corporate,Constituent,CMBT.BR;GOGL,DryBulk,Neutral,None,Golden Ocean ceases to exist as a separate listed entity.,Dry bulk constituent count falls from 7 to 6.,https://cmb.tech/public/CMBT_Closing_merger_EN.pdf
EV082,2005-03-17,,Diana Shipping prices its NYSE IPO,Corporate,Constituent,DSX,DryBulk,Neutral,None,Priced at USD 17.00. Series start for the dry bulk lineage. Date is the pricing date; the file's own first date is the authority.,Dry bulk constituent count is 1 from this date until December 2007. Portfolio returns over that stretch are a single stock and are not a sector measure.,https://www.sec.gov/Archives/edgar/data/1318885/000104746905027067/a2165148zf-1.htm
EV083,2007-04-11,,Genco moves from Nasdaq to NYSE,Corporate,Constituent,GNK,DryBulk,Neutral,None,Voluntary Nasdaq delisting; ticker changes from GSTL to GNK. Genco's original IPO was 2005-07-22 on Nasdaq at USD 21.00. Recorded because a Genco series pulled with an early start date will cross this boundary.,"Ticker change GSTL to GNK. Pre-2007 Genco history sits under the old symbol and is superseded in any case by the 2014 bankruptcy. Outside the current file, which begins 2014-07-15.",https://www.sec.gov/Archives/edgar/data/1326200/000092242307000458/kl03066.htm
EV084,2007-12-03,,Star Bulk begins trading after the Star Maritime conversion,Corporate,Constituent,SBLK,DryBulk,Neutral,None,Star Maritime Acquisition Corp merged into Star Bulk on 2007-11-30 and Nasdaq trading began this day.,Do not splice the predecessor SPAC series onto SBLK. Constituent count rises from 1 to 2.,https://www.sec.gov/Archives/edgar/data/1386716/000131786107000404/f120307sblk6k.htm
EV085,2008-05-29,,Safe Bulkers begins trading on NYSE,Corporate,Constituent,SB,DryBulk,Neutral,None,"Priced 2008-05-28 at USD 19.00 as a secondary sale by Vorini Holdings, so the company received no proceeds and there was no dilution at IPO. First trading day inferred, not separately confirmed.",Constituent count rises from 2 to 3. The file's own first date is the authority if it disagrees.,https://sec.gov/Archives/edgar/data/1434754/000093041308003514/c52273_424b.htm
EV086,2011-01-19,,Diana Shipping spins off Diana Containerships,Corporate,Constituent,DSX,DryBulk,Neutral,None,"0.032542 Diana Containerships shares distributed per Diana Shipping share, cutting Diana's stake from about 55 percent to 11 percent.","In-kind distribution, ex-date 2011-01-19, worth about 4.5 percent of the DSX price (first DCIX close USD 14.75 times 0.032542). No fall is visible: DSX returned -0.36 percent that day against -0.20 for its peers, and the Adj Close / Close ratio is flat. Yahoo appears to have scaled the price history rather than leaving a gap, as it demonstrably did for EV100, but that is inferred here, not shown. No artefact is present in the series.",https://www.sec.gov/Archives/edgar/data/1481241/000091957411000115/d1162153_ex99-1.htm
EV087,2013-06-13,,Safe Bulkers issues 8.00 percent Series B preferred,Corporate,Constituent,SB,DryBulk,Neutral,None,"1.6 million preferred shares at USD 25.00 liquidation preference, half public and half privately placed. Preferred ranks ahead of common, so it reprices the common's claim without adding fleet. Series C and Series D followed, the latter priced 2014-06-23 at USD 70m. Series B redeemed 2018-02-20.",Preferred issuance does not affect the common price series but does change per-share fundamentals.,https://www.sec.gov/Archives/edgar/data/1434754/000093041313003275/c74107_fwp.htm
EV088,2014-07-09,,Genco emerges from Chapter 11 with old equity cancelled,Corporate,Constituent,GNK,DryBulk,Neutral,None,"Filed 2014-04-21, plan confirmed 2014-07-02, effective 2014-07-09. Old common stock cancelled; new shares issued to lenders and noteholders.","Hard break. Pre and post 2014-07-09 GNK are different securities. The file begins 2014-07-15, which is post-emergence, so the series is clean. Dry bulk constituent count rises from 3 to 4 when Genco enters the basket.",https://www.sec.gov/Archives/edgar/data/1326200/000114036114028487/form8k.htm
EV089,2014-07-11,,Star Bulk closes the Oceanbulk merger,Corporate,Constituent,SBLK,DryBulk,Mixed,Quarter,"54.1 million shares issued to Oaktree and Pappas entities, taking the count to 83.6 million and adding 15 vessels plus 26 newbuilding contracts. Capacity and dilution arrive together. Announced 2014-06-16.",Reverse-merger scale dilution with Oaktree at 61.3 percent post-close. The ticker survives but the economic entity changed.,https://www.sec.gov/Archives/edgar/data/1386716/000091957414004063/d6034458_6-k.htm
EV090,2015-04-01,,Knightsbridge becomes Golden Ocean Group and trades as GOGL,Corporate,Constituent,GOGL,DryBulk,Neutral,None,"The merger completed 2015-03-31 with Knightsbridge as the surviving entity, renamed Golden Ocean. Nasdaq ticker changes from VLCCF to GOGL. Announced 2014-10-07.","Vendor trap. A GOGL pull with an early start returns Knightsbridge VLCC TANKER prices under a dry bulk ticker, and the separate Oslo-listed Golden Ocean series terminates here. This project's GOGL file is a reconstruction starting 2015-04-14 and avoids both. Constituent count rises from 4 to 5.",https://www.globenewswire.com/news-release/2015/03/31/720857/10127151/en/VLCCF-KNIGHTSBRIDGE-SHIPPING-LIMITED-ANNOUNCES-CLOSING-OF-THE-MERGER-WITH-GOLDEN-OCEAN-GROUP-LIMITED.html
EV091,2015-07-17,,Genco completes the Baltic Trading combination,Corporate,Constituent,GNK,DryBulk,Mixed,Quarter,0.216 Genco shares per Baltic Trading share for a combined fleet of 70 vessels. Announced 2015-04-08.,Genco relisted on NYSE 2015-07-20 having traded OTC as GSKNF since emergence. Liquidity before that date is not comparable.,https://www.prnewswire.com/news-releases/genco-shipping--trading-limited-combination-with-baltic-trading-limited-completed-300114986.html
EV092,2016-06-20,,Star Bulk completes a 1-for-5 reverse stock split,Corporate,Constituent,SBLK,DryBulk,Neutral,None,About 219.8 million shares become 44 million. Mechanical.,Split factor 5. Unadjusted prices before 2016-06-20 are one fifth of the split-adjusted level.,https://www.globenewswire.com/news-release/2016/06/17/1258285/0/en/Star-Bulk-Carriers-Corp-Announces-Reverse-Stock-Split-to-Be-Effective-June-20th-2016.html
EV093,2016-07-08,,Genco completes a 1-for-10 reverse stock split,Corporate,Constituent,GNK,DryBulk,Neutral,None,Effective after the close on 2016-07-07 for NYSE listing compliance. About 73.5 million shares become 7.4 million.,Split factor 10. Unadjusted prices before 2016-07-08 are one tenth of the split-adjusted level.,https://www.sec.gov/Archives/edgar/data/1326200/000114036116071950/form8k.htm
EV094,2016-08-01,,Golden Ocean completes a 1-for-5 reverse share split,Corporate,Constituent,GOGL,DryBulk,Neutral,None,Follows a February 2016 placement of 343.7 million new shares that took the count to about 516 million. The filing states 529.7 million shares immediately before the split. Mechanical.,"Split factor 5, effective 2016-08-01, and this is Golden Ocean's ONLY reverse split in the period. The GOGL file is reconstructed rather than vendor-supplied, so confirm the rebuild applied a single 5x adjustment on this date.",https://www.sec.gov/Archives/edgar/data/1029145/000091957416014413/d7224009_6-k.htm
EV095,2016-11-15,2017-01-04,"Genco raises USD 125m of preferred, converting to common",Corporate,Constituent,GNK,DryBulk,Negative,Quarter,"25,773,196 preferred shares at USD 4.85 plus 1,288,660 commitment-fee shares to Centerbridge, Strategic Value Partners and Apollo, mandatorily converting after the 2017-01-04 special meeting. A rescue financing required as a condition of a USD 400m term loan, so it reprices the equity's claim rather than adding capacity.",Share count rises roughly 4.6x. The price series is unaffected but per-share fundamentals are not comparable across it.,https://www.sec.gov/Archives/edgar/data/1326200/000114036117002184/form424b3.htm
EV096,2017-03-14,2017-06-30,Golden Ocean acquires 16 vessels from Quintana and Hemen,Corporate,Constituent,GOGL,DryBulk,Mixed,Regime,"17.8 million shares plus USD 285.2m of assumed debt, about USD 412m in total, closing vessel by vessel through Q2 2017.",,https://www.goldenocean.bm/press-release/1663/gogl-acquisition-of-16-modern-dry-bulk-vessels/
EV097,2018-05-15,2018-08-27,Star Bulk acquires 37 vessels in four ships-for-shares deals,Corporate,Constituent,SBLK,DryBulk,Mixed,Regime,"Songa Bulk (15 vessels), Augustea (16), OCC (3 newbuildings) and E.R. Capital (3 of 7), paid largely in stock. The fleet roughly doubles in one year while the share count rises correspondingly.",Oslo secondary listing established mid-July 2018 and terminated 2020-08-03; Nasdaq is the continuous venue throughout.,https://www.sec.gov/Archives/edgar/data/1386716/000114036118038713/ex99_1.htm
EV098,2019-07-12,,2020 Bulkers lists on Oslo Axess,Corporate,Constituent,2020.OL,DryBulk,Neutral,None,"Moves from the Norwegian OTC market to Oslo Axess, and later to Oslo Bors on 2020-11-02.","Pre-2019-07-12 OTC history exists but is not in the file. Constituent count rises from 5 to 6. Quotes in NOK on a calendar that differs from the US venues, so Oslo-only trading days produce a single-constituent portfolio.","https://news.cision.com/2020-bulkers-limited/r/2020-bulkers-ltd--application-for-listing-on-oslo-axess-and-approval-of-prospectus--2020-,c2859701"
EV099,2021-02-17,,Golden Ocean buys 18 vessels with a USD 338m placement,Corporate,Constituent,GOGL,DryBulk,Mixed,Quarter,"Ten Newcastlemaxes and eight Kamsarmaxes for about USD 752m, conditional on a private placement in which Hemen took half.",,https://www.globenewswire.com/news-release/2021/02/17/2177351/0/en/GOGL-Acquisition-of-18-dry-bulk-vessels-and-contemplated-private-placement-of-USD-338-million.html
EV100,2021-11-29,,Diana Shipping completes the OceanPal spin-off,Corporate,Constituent,DSX,DryBulk,Neutral,None,"One OceanPal share distributed per ten Diana Shipping shares, so roughly a tenth of the share value is handed out. Record date 2021-11-03.","Material in-kind distribution, ex-date 2021-11-30 when OceanPal began trading, worth roughly 8 to 17 percent of the DSX price. No artefact is present: Yahoo scaled the whole DSX history before 2021-11-30 (about 0.876, visible as 0.0876 for the USD 0.10 dividend of 2021-11-02, and as closes that are not 2-decimal quotes before that date but all are after it), so the return across the ex-date is continuous. Adj Close / Close stays flat because both columns were scaled, which is why check_corporate_actions.py reports INCONCLUSIVE rather than a pass.",https://www.globenewswire.com/news-release/2021/11/30/2343117/0/en/Diana-Shipping-Inc-Announces-Completion-of-OceanPal-Inc-Spin-Off.html
EV101,2023-03-31,,Himalaya Shipping begins trading on NYSE,Corporate,Constituent,HSHP,DryBulk,Neutral,None,"Priced 2023-03-30 at USD 5.80; the Oslo ticker changed from HSHIP to HSHP the same day. First NYSE session inferred, not separately confirmed.","Constituent count rises from 6 to 7. The Oslo series runs from 2021-12-22 but covers a pre-operational shell with no vessels before 2023-03-02, so any estimate spanning that period mixes two different companies.",https://www.sec.gov/Archives/edgar/data/1959455/000114036123015778/ny20006357x18_424b4.htm
EV102,2023-03-02,2024-06-13,Himalaya takes delivery of twelve dual-fuel Newcastlemaxes,Corporate,Constituent,HSHP,DryBulk,Neutral,None,"Fleet goes from zero to twelve over roughly fifteen months, so the company's earning capacity is built rather than acquired and no single date carries the information.",Earning capacity rises from nil to full across this window. Volatility or beta estimated inside it is not comparable with either end.,https://himalaya-shipping.com/news/himalaya-shipping-ltd-hship-delivery-of-the-first-dual-fuel-long-range-newcastlemax-vessel/
EV103,2024-04-09,,Star Bulk completes the Eagle Bulk merger,Corporate,Constituent,SBLK,DryBulk,Mixed,Quarter,"2.6211 Star Bulk shares per Eagle Bulk share, announced 2023-12-11. Eagle Bulk delists from NYSE. Fleet and share count step up together.",Eagle Bulk's own series terminates here. Star Bulk survives with a materially larger share count.,https://www.starbulk.com/media/uploads_file/2024/04/09/p1hr1bht3urp41f5atv388h3bq4.pdf
EV104,2025-08-19,,Golden Ocean trades for the last time,Corporate,Constituent,GOGL,DryBulk,Neutral,None,Final quoted price on Nasdaq and Euronext Oslo before the merger completes 2025-08-20.,Hard end of the GOGL series.,https://www.globenewswire.com/news-release/2025/08/19/3135426/0/en/GOGL-Golden-Ocean-and-CMB-TECH-Last-Day-of-Trading-in-Golden-Ocean-shares.html
EV105,2025-09-26,2026-01-31,2020 Bulkers sells its entire Newcastlemax fleet,Corporate,Constituent,2020.OL,DryBulk,Neutral,None,"Two announcements in September and November 2025 covering USD 354.5m of vessels, closing in Q1 2026. The company holds no operating vessels afterwards, so it stops being a dry bulk operator.",After the closings the listing is a cash shell. Earning capacity is nil from Q1 2026.,https://2020bulkers.com/mfn_news/2020-bulkers-ltd-2020-sale-of-bulk-sandefjord-bulk-santiago-and-bulk-shenzhen/
EV106,2026-04-29,,2020 Bulkers pays a NOK 129.5 special dividend,Corporate,Constituent,2020.OL,DryBulk,Neutral,None,"Ex-date for the capital return following the fleet sale, alongside a buyback concluded 2026-04-22.","The largest continuity break in the dataset. A NOK 129.5 distribution against a share trading in the NOK 100s makes the close-to-close move almost entirely a capital return. Falls after the 2025-09-25 validity window, so it does not enter the model. Yahoo's own adjustment was missing here and under-applied by about 9x on 72 of the 73 dividends; the 2020.OL file was rebuilt from Close and a frozen dividend snapshot (cumulative factor 1.2324x vendor, 2.2581x rebuilt), and this event is excluded rather than adjusted.",https://2020bulkers.com/mfn_news/
EV107,2025-11-24,2026-08-14,Diana Shipping bids for Genco and withdraws,Corporate,Constituent,DSX;GNK,DryBulk,Mixed,Regime,"Proposal at USD 20.60 on 2025-11-24, hostile all-cash tender at USD 23.50 launched 2026-05-04, raised to USD 24.80, expired 2026-07-27 with 29.7 percent of the float tendered, withdrawn 2026-08-14. An all-cash offer is not an intra-basket transfer: Diana would fund it externally, so cash would enter one holding from outside while the other bears the financing. Diana was much the smaller of the two by market capitalisation, so the equal-weighted effect is asymmetric. No completion, so treating this as a deal would be wrong.",,https://www.dianashippinginc.com/diana-shipping-inc-withdraws-offer-to-acquire-genco-shipping-amp-trading-following-genco-board-s-outrageous-demands/
EV108,2026-09-22,,2020 Bulkers agrees to become an offshore AHTS operator,Corporate,Constituent,2020.OL,DryBulk,Neutral,None,"Binding agreement to acquire AHTS AS for about USD 406m, with a private placement priced at USD 0.299 per share and a planned rename. The listing ceases to be a dry bulk company.","Hard end of 2020.OL as a dry bulk constituent, with very large dilution and a pending ticker change.",https://2020bulkers.com/mfn_news/
EV115,2023-12-22,,Euronav agrees to acquire CMB.TECH NV from CMB,Corporate,Constituent,CMBT.BR,Tanker,Mixed,Quarter,"USD 1.15bn in cash for the Saverys' low-carbon shipping arm, funded from the Frontline VLCC proceeds, plus USD 2.496bn of rolled-over debt and newbuilding commitments. Brings 106 vessels, about 60 on the water: Windcat offshore wind crew transfer, Bocimar dry bulk, Delphis container and Bochem chemical tankers. The company is buying its way out of being a crude tanker pure play, which diversifies the earnings stream and takes on a large capex overhang at the same time. Announcement; completion follows at EV116.",Announcement of the transaction that ends CMBT.BR's usefulness as a crude tanker constituent. The boundary itself is the completion date.,https://www.sec.gov/Archives/edgar/data/1604481/000091957423006834/d10922058_ex99-1.htm
EV116,2024-02-08,,Euronav completes the CMB.TECH NV acquisition,Corporate,Constituent,CMBT.BR,Tanker,Mixed,Quarter,"Approved at the special general meeting on 2024-02-07 and closed the following day. Roughly 60 non-crude vessels join a crude fleet of about 44 on the water, so crude falls to about 42 percent of the listed entity's ships. Offshore wind crew transfer, container and chemical exposure enter a security that had carried none.","THE BUSINESS BOUNDARY. From this date CMBT.BR is no longer a pure crude tanker security by vessel count, so returns after it are not comparable with the tanker lineage. The ticker change on 2024-07-15 and the name change on 2024-10-01 are labels applied to a shift that happened here. Crude remained the majority by tonnage until the Golden Ocean merger at EV081.",https://www.sec.gov/Archives/edgar/data/1604481/000091957424000802/d10979198_ex99-1.htm
EV117,2025-06-30,,CMB.TECH reports a fleet in which crude is a small minority,Corporate,Constituent,CMBT.BR,Tanker,Neutral,None,"Quarterly fleet disclosure: 10 VLCCs and 18 Suezmaxes against 17 Bocimar Newcastlemaxes, 56 Windcat crew transfer vessels, 5 Bochem chemical tankers and 4 Delphis container ships. Recorded as the evidence behind the EV116 boundary rather than as an event in itself.","By mid-2026 the Euronav division held 4 VLCCs and 15 Suezmaxes out of about 203 vessels on the water, roughly 9 percent. CMB.TECH publishes no segment revenue and no deadweight, so any crude share used in this project has to be built from vessel counts and assumed class sizes, and the assumption stated.",https://www.sec.gov/Archives/edgar/data/1604481/000091957425005283/d11972542_ex99-1.htm
EV109,2009-01-01,2012-12-31,The 2007 and 2008 orderbook delivers into a collapsed market,Fleet,Sector,,DryBulk,Negative,Regime,"Vessels ordered at the top of the cycle deliver on two to three year lead times regardless of demand, so fleet growth ran well ahead of trade growth through this period. The dominant driver of the post-crisis depression, and structural rather than event-dated.",,https://unctad.org/publication/review-maritime-transport-2012
EV109,2009-01-01,2012-12-31,The 2007 and 2008 orderbook delivers into a collapsed market,Fleet,Sector,,Tanker,Negative,Regime,"Same lead-time mechanism on the tanker orderbook, with deliveries landing into falling cargo volumes.",,https://unctad.org/publication/review-maritime-transport-2012
EV110,2015-06-01,2015-12-31,VLCC ordering accelerates during the 2015 rate boom,Fleet,Sector,,Tanker,Negative,Regime,"High spot earnings pull forward newbuilding orders that deliver on a two to three year lag, so the supply response to 2015 lands in 2017 and 2018. The mechanism is the lag itself: good rates today create tonnage later.",,https://unctad.org/publication/review-maritime-transport-2016
EV111,2019-07-01,2020-03-31,Scrubber retrofits remove tonnage from service,Fleet,Sector,,Tanker,Positive,Regime,"Vessels in the yard for exhaust gas cleaning installation ahead of the sulphur cap are out of the trading fleet, tightening effective supply while cargo demand is unchanged.",,https://www.imo.org/en/MediaCentre/HotTopics/Pages/Sulphur-2020.aspx
EV111,2019-07-01,2020-03-31,Scrubber retrofits remove tonnage from service,Fleet,Sector,,DryBulk,Positive,Regime,"Same mechanism with lower uptake across the bulk fleet, so a smaller share of tonnage is withdrawn.",,https://www.imo.org/en/MediaCentre/HotTopics/Pages/Sulphur-2020.aspx
EV112,2020-06-01,2020-12-31,Stored crude returns to market as the contango unwinds,Freight,Sector,,Tanker,Negative,Regime,"Floating storage releases both the cargo and the vessel at once: stored barrels displace fresh liftings while the tonnage that held them re-enters the spot market. Supply and demand move against the owner simultaneously, which is why the unwind is worse than the build was good.",,https://www.eia.gov/todayinenergy/detail.php?id=44516
EV113,2020-08-01,2021-12-31,Port congestion absorbs fleet capacity,Fleet,Sector,,DryBulk,Positive,Regime,"Quarantine protocols, crew change restrictions and terminal backlogs hold vessels at anchor, removing effective capacity without removing a single ship from the fleet. The dominant supply-side driver of the 2021 dry bulk market.",,https://unctad.org/publication/review-maritime-transport-2021
EV113,2020-08-01,2021-12-31,Port congestion absorbs fleet capacity,Fleet,Sector,,Tanker,Positive,Regime,"Same mechanism, materially weaker because tanker terminals were less congested than bulk and container berths.",,https://unctad.org/publication/review-maritime-transport-2021
EV114,2022-01-01,,The bulker orderbook falls to a multi-decade low as a share of fleet,Fleet,Sector,,DryBulk,Positive,Regime,"Fuel technology uncertainty and constrained shipyard capacity suppress ordering, so future fleet growth is capped years ahead regardless of what rates do. The mirror of EV110: weak ordering today creates scarcity later. Structural, with no single announcement date.",,https://unctad.org/publication/review-maritime-transport-2022
